template_id,domain_id,domain_family,template_role,evidence_unit,claim_template,G_binding,Q_binding,U_binding,action_mapping,preorder_relation,forbidden_claim,visual_or_case_anchor,expected_level,expected_verdict,boundary_note,computed_level,computed_verdict,missing_critical_fields,anchor_check,anchor_note,private_marker_check,expected_match
CTA-CORE-01,acs_income_state_shift,tabular_shift,mainline,local slice support anchor,bounded ACS slice support claim,same_regime,reportable,no_decision_claim,emit_as_written,same_regime_slice_support,Source-isotonic is reliable on all ACS slices.,CP-01,L3_MAINLINE,ADMIT_MAINLINE_TEMPLATE,local ACS slice claim only,L3_MAINLINE,ADMIT_MAINLINE_TEMPLATE,,PASS,casebook anchor CP-01,PASS,PASS
CTA-CORE-02,wdc_products_em_shift,entity_matching_shift,mainline,stronger-information reference,bounded upper-bound reference claim,upper_bound_only,reportable,no_decision_claim,relabel_as_upper_bound,stronger_information_upper_bound,Oracle target isotonic is the same-regime winner.,CP-02,L3_MAINLINE,ADMIT_MAINLINE_TEMPLATE,upper-bound reference not same-regime model superiority,L3_MAINLINE,ADMIT_MAINLINE_TEMPLATE,,PASS,casebook anchor CP-02,PASS,PASS
CTA-CORE-03,acs_income_state_shift,tabular_shift,mainline,weak local support anchor,diagnostic local support claim,same_regime,weakly_reportable,no_decision_claim,weaken_to_diagnostic,weak_local_support,The RAC1P=6 slice is fully reportable as a decisive local result.,CP-03,L3_MAINLINE,ADMIT_MAINLINE_TEMPLATE,diagnostic local support only,L3_MAINLINE,ADMIT_MAINLINE_TEMPLATE,,PASS,casebook anchor CP-03,PASS,PASS
CTA-CORE-04,wdc_products_em_shift,entity_matching_shift,mainline,decision-region support certificate,decision-local winner claim,same_regime_or_declared,reportable,decision_winner_mismatch_supported,rewrite_to_decision_local,decision_local_preorder,The global ECE winner transfers unchanged to the auto-merge decision.,CP-04,L3_MAINLINE,ADMIT_MAINLINE_TEMPLATE,decision-local claim only,L3_MAINLINE,ADMIT_MAINLINE_TEMPLATE,,PASS,casebook anchor CP-04,PASS,PASS
CTA-CORE-05,wdc_products_em_shift,entity_matching_shift,mainline,unsupported slice evidence,fail-closed local slice claim,same_regime_or_declared,not_reportable,no_decision_claim,suppress_fallback,not_reportable_suppression,The raw method is calibrated on the hard-negative slice.,CP-05,L3_MAINLINE,ADMIT_MAINLINE_TEMPLATE,unsupported local slice claim must suppress,L3_MAINLINE,ADMIT_MAINLINE_TEMPLATE,,PASS,casebook anchor CP-05,PASS,PASS
CTA-NAB-01,nab_streaming_alerts,streaming_alerts,support_only,clean-stream alert certificate,bounded clean-stream no-alert claim,detector/profile/stream trace,zero anomaly windows and zero thresholded alerts,clean-stream false-alert audit,emit_as_written,clean_stream_no_alert_claim <= global_detector_effectiveness_claim,The null detector is effective on NAB overall.,NAB-VIS-01,L2_SUPPORT_ONLY,ADMIT_SUPPORT_ONLY_TEMPLATE,support-only adapter row not detector ranking,L2_SUPPORT_ONLY,ADMIT_SUPPORT_ONLY_TEMPLATE,,PASS,NAB visual anchor NAB-VIS-01,PASS,PASS
CTA-NAB-02,nab_streaming_alerts,streaming_alerts,support_only,empty-window alert certificate,unqualified no-alert claim suppression,detector/profile/stream trace,empty-window stream has outside-window alerts,clean-stream false-alert audit,suppress_fallback,bottom_T <= alert_effectiveness_claim,The numenta detector has no alert failures on the clean stream.,NAB-VIS-02,L2_SUPPORT_ONLY,ADMIT_SUPPORT_ONLY_TEMPLATE,support-only adapter row not broad anomaly validation,L2_SUPPORT_ONLY,ADMIT_SUPPORT_ONLY_TEMPLATE,,PASS,NAB visual anchor NAB-VIS-02,PASS,PASS
CTA-NAB-03,nab_streaming_alerts,streaming_alerts,support_only,profile-sensitive alert certificate,false-alarm-sensitive weakened alert claim,detector/profile/stream trace,Low-FP profile penalizes outside-window alerts,false-alarm-sensitive alert use,weaken_to_diagnostic,false_alarm_sensitive_claim incomparable_with missed_window_sensitive_claim unless utility is declared,The detector is effective under the Low-FP profile without false-alarm qualification.,NAB-VIS-04,L2_SUPPORT_ONLY,ADMIT_SUPPORT_ONLY_TEMPLATE,support-only adapter row with explicit profile utility boundary,L2_SUPPORT_ONLY,ADMIT_SUPPORT_ONLY_TEMPLATE,,PASS,NAB visual anchor NAB-VIS-04,PASS,PASS
CTA-AI4I-01,ai4i_predictive_maintenance,predictive_maintenance,boundary_probe,static synthetic maintenance instances,,,,,none,,,,L0_REJECTED,REJECT_PATCHWORK,not admitted until templates G/Q/U action preorder forbidden claim and visual row are supplied,L0_REJECTED,REJECT_PATCHWORK,claim_template;G_binding;Q_binding;U_binding;action_mapping;preorder_relation;forbidden_claim;visual_or_case_anchor,PASS,no anchor required for non-admitted template,PASS,PASS
